{
    "metadata": {
        "create_date": "2024-06-06 14:28:42",
        "format_version": "1.1",
        "locus": "/tmp/tmpr_p8hwgn/seqs_DR_100"
    },
    "files": {
        "phylo_model": "phylo_modeljsfnnoaz.json",
        "aln_fasta": "seqs_DR_100_deduplicated_aligned.fasta",
        "seq_info": "seqs_DR_100_seqinfo.csv",
        "taxonomy": "seqs_DR_100_taxonomy.csv",
        "tree": "graftmp80iak2b.tree",
        "tree_stats": "graftmd7msokbi.tree_log"
    },
    "md5": {
        "phylo_model": "3ddbd20de6316059ddea58ed31bdc754",
        "aln_fasta": "cec368a64ff9827e138f70571977987d",
        "seq_info": "d545ad0ae8d7bb5e5180568a6ec1c73c",
        "taxonomy": "59fea49bd90d1f78b81bc941781c10f5",
        "tree": "e08af7133165df56ab99f0592c6119f7",
        "tree_stats": "c1a1cee4c6b3a13a2a701e181ba096dc"
    },
    "log": [
        "Stripped refpkg (removed 0 files)",
        "Loaded initial files into empty refpkg"
    ],
    "rollback": null,
    "rollforward": null
}
