tax_id,parent_id,rank,tax_name,root,rank_0,rank_1,rank_2,rank_3,rank_4
Root,Root,root,Root,Root,,,,,
Homologous_mmoX,Root,rank_0,Homologous_mmoX,Root,Homologous_mmoX,,,,
Butane_MO,Homologous_mmoX,rank_1,Butane_MO,Root,Homologous_mmoX,Butane_MO,,,
Mycobacterium,Homologous_mmoX,rank_1,Mycobacterium,Root,Homologous_mmoX,Mycobacterium,,,
Mycobacterium_Methanotrophicium_cluster,Mycobacterium,rank_2,Mycobacterium_Methanotrophicium_cluster,Root,Homologous_mmoX,Mycobacterium,Mycobacterium_Methanotrophicium_cluster,,
Mycobacterium_2,Homologous_mmoX,rank_1,Mycobacterium_2,Root,Homologous_mmoX,Mycobacterium_2,,,
Propane_MO_Actino_cluster,Homologous_mmoX,rank_1,Propane_MO_Actino_cluster,Root,Homologous_mmoX,Propane_MO_Actino_cluster,,,
Homologous_Rhodopila,Propane_MO_Actino_cluster,rank_2,Homologous_Rhodopila,Root,Homologous_mmoX,Propane_MO_Actino_cluster,Homologous_Rhodopila,,
Homologous_Methylocella,Propane_MO_Actino_cluster,rank_2,Homologous_Methylocella,Root,Homologous_mmoX,Propane_MO_Actino_cluster,Homologous_Methylocella,,
Likely_mmoX,Root,rank_0,Likely_mmoX,Root,Likely_mmoX,,,,
Rhizobiales_mmoX,Likely_mmoX,rank_1,Rhizobiales_mmoX,Root,Likely_mmoX,Rhizobiales_mmoX,,,
Methylocystis_Methylosinus,Rhizobiales_mmoX,rank_2,Methylocystis_Methylosinus,Root,Likely_mmoX,Rhizobiales_mmoX,Methylocystis_Methylosinus,,
Methylocystis_1,Methylocystis_Methylosinus,rank_3,Methylocystis_1,Root,Likely_mmoX,Rhizobiales_mmoX,Methylocystis_Methylosinus,Methylocystis_1,
Methylocystis_2,Methylocystis_Methylosinus,rank_3,Methylocystis_2,Root,Likely_mmoX,Rhizobiales_mmoX,Methylocystis_Methylosinus,Methylocystis_2,
Methylosinus_2,Methylocystis_Methylosinus,rank_3,Methylosinus_2,Root,Likely_mmoX,Rhizobiales_mmoX,Methylocystis_Methylosinus,Methylosinus_2,
Methylosinus_1,Methylocystis_Methylosinus,rank_3,Methylosinus_1,Root,Likely_mmoX,Rhizobiales_mmoX,Methylocystis_Methylosinus,Methylosinus_1,
Rhodopila_Put_mmoX,Rhizobiales_mmoX,rank_2,Rhodopila_Put_mmoX,Root,Likely_mmoX,Rhizobiales_mmoX,Rhodopila_Put_mmoX,,
Rhodomicrobium_umbrella,Rhizobiales_mmoX,rank_2,Rhodomicrobium_umbrella,Root,Likely_mmoX,Rhizobiales_mmoX,Rhodomicrobium_umbrella,,
Rhodomicrobium_Singleton,Rhodomicrobium_umbrella,rank_3,Rhodomicrobium_Singleton,Root,Likely_mmoX,Rhizobiales_mmoX,Rhodomicrobium_umbrella,Rhodomicrobium_Singleton,
Rhodomicrobium_likely_mmoX,Rhodomicrobium_umbrella,rank_3,Rhodomicrobium_likely_mmoX,Root,Likely_mmoX,Rhizobiales_mmoX,Rhodomicrobium_umbrella,Rhodomicrobium_likely_mmoX,
Rhodomicrobium_mmoX,Rhodomicrobium_umbrella,rank_3,Rhodomicrobium_mmoX,Root,Likely_mmoX,Rhizobiales_mmoX,Rhodomicrobium_umbrella,Rhodomicrobium_mmoX,
Beijerinckiaceae,Rhizobiales_mmoX,rank_2,Beijerinckiaceae,Root,Likely_mmoX,Rhizobiales_mmoX,Beijerinckiaceae,,
Methylocella_1,Beijerinckiaceae,rank_3,Methylocella_1,Root,Likely_mmoX,Rhizobiales_mmoX,Beijerinckiaceae,Methylocella_1,
Methylocella_2,Beijerinckiaceae,rank_3,Methylocella_2,Root,Likely_mmoX,Rhizobiales_mmoX,Beijerinckiaceae,Methylocella_2,
Methyloferula_Methylovirgula,Beijerinckiaceae,rank_3,Methyloferula_Methylovirgula,Root,Likely_mmoX,Rhizobiales_mmoX,Beijerinckiaceae,Methyloferula_Methylovirgula,
Methyloferula,Methyloferula_Methylovirgula,rank_4,Methyloferula,Root,Likely_mmoX,Rhizobiales_mmoX,Beijerinckiaceae,Methyloferula_Methylovirgula,Methyloferula
Methylococcales_mmoX,Likely_mmoX,rank_1,Methylococcales_mmoX,Root,Likely_mmoX,Methylococcales_mmoX,,,
Methyloccocaceae_mmoX,Methylococcales_mmoX,rank_2,Methyloccocaceae_mmoX,Root,Likely_mmoX,Methylococcales_mmoX,Methyloccocaceae_mmoX,,
AVCC01_Methylotenera_clade,Methylococcales_mmoX,rank_2,AVCC01_Methylotenera_clade,Root,Likely_mmoX,Methylococcales_mmoX,AVCC01_Methylotenera_clade,,
Methylotenera,AVCC01_Methylotenera_clade,rank_3,Methylotenera,Root,Likely_mmoX,Methylococcales_mmoX,AVCC01_Methylotenera_clade,Methylotenera,
JABFRO01,Methylococcales_mmoX,rank_2,JABFRO01,Root,Likely_mmoX,Methylococcales_mmoX,JABFRO01,,
Methylomicrobium,Methylococcales_mmoX,rank_2,Methylomicrobium,Root,Likely_mmoX,Methylococcales_mmoX,Methylomicrobium,,
Methylomonadaceae_mmoX,Methylococcales_mmoX,rank_2,Methylomonadaceae_mmoX,Root,Likely_mmoX,Methylococcales_mmoX,Methylomonadaceae_mmoX,,
Methyloprofundus_WTBX01_clade,Methylomonadaceae_mmoX,rank_3,Methyloprofundus_WTBX01_clade,Root,Likely_mmoX,Methylococcales_mmoX,Methylomonadaceae_mmoX,Methyloprofundus_WTBX01_clade,
Methyloprofundus,Methyloprofundus_WTBX01_clade,rank_4,Methyloprofundus,Root,Likely_mmoX,Methylococcales_mmoX,Methylomonadaceae_mmoX,Methyloprofundus_WTBX01_clade,Methyloprofundus
UBA10906_1,Methylomonadaceae_mmoX,rank_3,UBA10906_1,Root,Likely_mmoX,Methylococcales_mmoX,Methylomonadaceae_mmoX,UBA10906_1,
Methylobacter_A,Methylomonadaceae_mmoX,rank_3,Methylobacter_A,Root,Likely_mmoX,Methylococcales_mmoX,Methylomonadaceae_mmoX,Methylobacter_A,
Methylomonas_2,Methylomonadaceae_mmoX,rank_3,Methylomonas_2,Root,Likely_mmoX,Methylococcales_mmoX,Methylomonadaceae_mmoX,Methylomonas_2,
Methylovulum,Methylomonadaceae_mmoX,rank_3,Methylovulum,Root,Likely_mmoX,Methylococcales_mmoX,Methylomonadaceae_mmoX,Methylovulum,
Methylomonas_1,Methylomonadaceae_mmoX,rank_3,Methylomonas_1,Root,Likely_mmoX,Methylococcales_mmoX,Methylomonadaceae_mmoX,Methylomonas_1,
JABFRC01,Methylomonadaceae_mmoX,rank_3,JABFRC01,Root,Likely_mmoX,Methylococcales_mmoX,Methylomonadaceae_mmoX,JABFRC01,
UBA4132,Methylomonadaceae_mmoX,rank_3,UBA4132,Root,Likely_mmoX,Methylococcales_mmoX,Methylomonadaceae_mmoX,UBA4132,
UBA10906_2,Methylomonadaceae_mmoX,rank_3,UBA10906_2,Root,Likely_mmoX,Methylococcales_mmoX,Methylomonadaceae_mmoX,UBA10906_2,
Methylobacter_C,Methylomonadaceae_mmoX,rank_3,Methylobacter_C,Root,Likely_mmoX,Methylococcales_mmoX,Methylomonadaceae_mmoX,Methylobacter_C,
