seqname,tax_id
JAQTXH010000003.1_34,Homologous_mmoX
AAM19727_1_butane_monooxygenase_hydroxylase_BMOH_alpha_subunit_Thauera_butanivorans,Butane_MO
AAR98534_1_butane_monooxygenase_alpha_subunit_Brachymonas_petroleovorans,Butane_MO
JAQTVU010000068.1_8,Mycobacterium_Methanotrophicium_cluster
WP_219069719.1_methane_monooxygenase_Candidatus_Mycobacterium_methanotrophicum_Spanning,Mycobacterium_Methanotrophicium_cluster
Mycch_Contig4052_572_2506783014,Mycobacterium
NZ_JACKUR010000021.1_667,Mycobacterium
MycrhN_Contig54_1_3048_2508501106,Mycobacterium
NZ_PDHO01000066.1_1,Mycobacterium
NZ_PDHO01000056.1_10,Mycobacterium_2
NZ_PDHO01000068.1_5,Mycobacterium_2
ALJ79073.1_propane_monooxygenase_hydroxylase_large_subunit_partial_uncultured_bacterium_Zhang,Propane_MO_Actino_cluster
AKG54435.1_propane_monooxygenase_partial_uncultured_bacterium_Deng,Propane_MO_Actino_cluster
MQA09325.1_MAG_methane_monooxygenase_partial_Actinomycetes,Propane_MO_Actino_cluster
AKG54434.1_propane_monooxygenase_partial_uncultured_bacterium_Deng,Propane_MO_Actino_cluster
NZ_CAINOE010000196.1_23,Homologous_Rhodopila
NZ_CAIWTY010000110.1_57,Homologous_Rhodopila
NZ_PDZR01000001.1_206,Homologous_Methylocella
NZ_CABFMQ020000120.1_135,Homologous_Methylocella
contig_13748_2816,Homologous_Methylocella
AM283545.1_prot_CAK95255.1_1_Putkinen,Methylocystis_1
contig_6366_58,Methylocystis_1
ABU89756_1_soluble_methane_monooxygenase_partial_uncultured_Methylocystis_sp_,Methylocystis_1
NZ_JABVWW010000009.1_72,Methylocystis_1
ABG56535_1_soluble_methane_monooxygenase_protein_A_partial_Methylocystis_hirsuta,Methylocystis_1
NZ_QWDD01000001.1_930,Methylocystis_1
AAF01268_1_AF153282_1_MmoX_partial_Methylocystis_sp__WI14,Methylocystis_2
NZ_JAAFZE010000001.1_371,Methylocystis_2
AAG31818_1_MmoX_partial_Methylosinus_sp__LW8,Methylocystis_Methylosinus
JMKQ01000004.1_69,Methylocystis_Methylosinus
NZ_PUIV01000031.1_37,Methylosinus_2
contig_20611_6,Methylosinus_2
MetLW4DRAFT_scaffold1_1_88_2516493024,Methylosinus_2
AAG31821_1_MmoX_partial_Methylosinus_sp__PW1,Methylosinus_2
NZ_JQNK01000010.1_69,Methylosinus_2
NZ_AP027142.1_1596,Methylocystis_Methylosinus
AAC45289_1_soluble_methane_monooxygenase_protein_A_alpha_subunit_Methylocystis_sp__M,Methylocystis_Methylosinus
NZ_PUIV01000005.1_74,Methylocystis_Methylosinus
NZ_AP022332.1_1288,Methylocystis_Methylosinus
NZ_JAERVJ010000004.1_220,Methylocystis_Methylosinus
AAY83388_1_soluble_methane_monooxygenase_partial_Methylosinus_acidophilus,Methylosinus_1
CAD30344_1_soluble_methane_monooxygenase_component_A_alpha_subunit_partial_Methylosinus_trichosporium,Methylosinus_1
NZ_CP023737.1_2481,Methylosinus_1
AAZ81974_1_protein_A_alpha_subunit_of_soluble_methane_monooxygenase_Methylomonas_sp__GYJ3,Methylosinus_1
NZ_JAINDZ010000019.1_47,Methylosinus_1
NZ_CAINOE010000019.1_10,Rhodopila_Put_mmoX
NZ_CAIWTY010000030.1_10,Rhodopila_Put_mmoX
contig_21997_826,Rhodopila_Put_mmoX
JAQTXH010000001.1_949,Rhizobiales_mmoX
contig_32421_31,Rhodomicrobium_umbrella
contig_829334_1664_2_59_Root_Singleton,Rhodomicrobium_Singleton
contig_97228_9285_6_180_Root_Singleton,Rhodomicrobium_Singleton
contig_24636_33,Rhodomicrobium_likely_mmoX
contig_26573_134,Rhodomicrobium_likely_mmoX
contig_401138_3_6_23_Root_Singleton,Rhodomicrobium_mmoX
contig_79233_124,Rhodomicrobium_mmoX
contig_32502_38,Rhodomicrobium_mmoX
contig_70190_86,Rhodomicrobium_mmoX
contig_433660_1063_1_48_Root_Singleton,Rhodomicrobium_mmoX
contig_246861_44,Rhodomicrobium_mmoX
contig_17462_16,Rhodomicrobium_mmoX
contig_24273_138,Rhodomicrobium_mmoX
contig_73526_143,Rhodomicrobium_mmoX
NZ_LPWG01000010.1_363,Rhizobiales_mmoX
contig_13748_2501,Beijerinckiaceae
ACK50231_1_Methane_monooxygenase_Methylocella_silvestris_BL2,Methylocella_1
NZ_PDZR01000026.1_24,Methylocella_1
NZ_CABFMQ020000091.1_24,Methylocella_1
CAD88243.1_Methylocella_tundrae_Dedysh,Methylocella_1
NZ_CABFMQ020000077.1_47,Methylocella_1
contig_110891_10,Methylocella_2
contig_25752_57,Methylocella_2
AJ458535.1_prot_CAD30366.1_1_Putkinen,Beijerinckiaceae
contig_86375_1_4_23_Root_Singleton,Beijerinckiaceae
contig_26514_457_1_29_Root_Singleton,Beijerinckiaceae
contig_47732_3968_2_94_Root_Singleton,Beijerinckiaceae
QXX76067.1_Methylovirgula_Gwak,Methyloferula_Methylovirgula
A3OQDRAFT_chromosome1.1_1252_2516653063,Methyloferula_Methylovirgula
CBW47544.1_Methyloferula_stellata_Vorobev,Methyloferula
FR686348.1_prot_CBW47545.1_1_Putkinen,Methyloferula
AB900160.1_prot_BAO51828.1_1_Putkinen,Methylococcales_mmoX
NZ_JABWGZ010000014.1_44,Methyloccocaceae_mmoX
JAQTYA010000071.1_8,Methyloccocaceae_mmoX
NW_864685_1_640281013,Methyloccocaceae_mmoX
CAJ32224_1_unnamed_protein_product_Methylococcus_capsulatus,Methyloccocaceae_mmoX
NZ_KE384224.1_556,Methyloccocaceae_mmoX
JC06DRAFT_unitig_0_quiver_5_3997_2593339134,Methyloccocaceae_mmoX
NZ_CP046565.1_2386,Methyloccocaceae_mmoX
JAQTSI010000048.1_19,Methylococcales_mmoX
JABBOY010000038.1_11,AVCC01_Methylotenera_clade
CAIYLB010000074.1_13,Methylotenera
CANFZA010000067.1_3,Methylotenera
JABFRO010000001.1_1567,JABFRO01
JABFRO010000001.1_1568,JABFRO01
JABFRO010000001.1_508,JABFRO01
BAE86875_1_soluble_methane_monooxygenase_hydroxylase_component_alpha_subunit_Methylomicrobium_japanense,Methylomicrobium
METBUDRAFT_scaffold1.2_1859_2516653075,Methylomicrobium
NZ_LUUK01000164.1_23,Methylomonadaceae_mmoX
JAGLDH010000055.1_2,Methyloprofundus_WTBX01_clade
DAOUSN010000016.1_12,Methyloprofundus_WTBX01_clade
JAUVAA010000037.1_7,Methyloprofundus_WTBX01_clade
DAOUTG010000003.1_72,Methyloprofundus_WTBX01_clade
JAUVAA010000117.1_9,Methyloprofundus
WTCN01000236.1_2,Methyloprofundus
JAJRDU010000275.1_2,Methylomonadaceae_mmoX
CAILJB010000124.1_7,UBA10906_1
JAQTOT010000035.1_8,UBA10906_1
NZ_PTIY01000022.1_23,Methylobacter_A
JALNYY010000171.1_3,Methylobacter_A
JAPLRU010000049.1_139,Methylobacter_A
SCPZ01000115.1_47,Methylobacter_A
JAQTUW010000003.1_147,Methylomonas_2
contig_26423_45,Methylomonas_2
contig_26423_61,Methylomonas_2
CAIYSZ010000096.1_23,Methylomonadaceae_mmoX
CANNKH010000029.1_13,Methylomonadaceae_mmoX
JAQTQZ010000011.1_99,Methylomonadaceae_mmoX
CAJAVP010000098.1_13,Methylovulum
NZ_JAQTZU010000001.1_184,Methylovulum
JAURZI010000089.1_27,Methylovulum
BAJ17645_1_soluble_methane_monooxygenase_hydroxylase_component_alpha_subunit_Methylovulum_miyakonense_HT12,Methylovulum
MetmiDRAFT_scaffold1.1_1722_2516653058,Methylovulum
DBNW01000005.1_34,Methylomonadaceae_mmoX
NZ_LUUI01000131.1_6,Methylomonas_1
AEG00068_1_Methane_monooxygenase_Methylomonas_methanica_MC09,Methylomonas_1
ABD13903_1_soluble_methane_monooxygenase_alpha_subunit_partial_Methylomonas_sp__LC_1,Methylomonas_1
NZ_JACXST010000001.1_764,Methylomonas_1
NZ_JANIBL010000030.1_39,Methylomonas_1
AAG31819_1_MmoX_partial_Methylomonas_sp__LW13,Methylomonas_1
BAA84751_1_soluble_methane_monooxygenase_hydroxylase_component_MMOH_alpha_subunit_Methylomonas_sp__KSPIII,Methylomonas_1
scaffold1_3124_2516143012,Methylomonas_1
G006DRAFT_scaffold00001_1_2852_2522125151,Methylomonas_1
AAG31820_1_MmoX_partial_Methylomonas_sp__LW15,Methylomonas_1
NZ_LUUG01000018.1_5,Methylomonas_1
JABFRC010000256.1_6,Methylomonadaceae_mmoX
JAPLRR010000042.1_36,Methylomonadaceae_mmoX
contig_13685_223,Methylomonadaceae_mmoX
contig_1726_175,Methylomonadaceae_mmoX
JAUYBL010000007.1_201,JABFRC01
JAUYMX010000118.1_2,JABFRC01
JAQTQN010000065.1_14,Methylomonadaceae_mmoX
JAURYI010000081.1_39,Methylomonadaceae_mmoX
PMJA01000119.1_16,Methylomonadaceae_mmoX
JAPLRZ010000054.1_29,UBA4132
MBQZ01000013.1_15,UBA4132
JAUYMY010000042.1_39,Methylomonadaceae_mmoX
CAIVBX010000072.1_3,UBA10906_2
JAQTOX010000011.1_18,UBA10906_2
JAURYI010000002.1_33,Methylomonadaceae_mmoX
NZ_FUKI01000112.1_9,Methylomonadaceae_mmoX
CAIQND010000136.1_10,Methylobacter_C
JAPLRP010000030.1_7,Methylobacter_C
JAPLRW010000152.1_14,Methylobacter_C
NZ_JAOEGU010000006.1_56,Methylobacter_C
