{
    "metadata": {
        "create_date": "2024-06-05 19:15:57",
        "format_version": "1.1",
        "locus": "/tmp/tmpoo0zhs4n/package_r220_MFD_DR_99_v2"
    },
    "files": {
        "phylo_model": "phylo_modelyu5jacf6.json",
        "aln_fasta": "package_r220_MFD_DR_99_v2_deduplicated_aligned.fasta",
        "seq_info": "package_r220_MFD_DR_99_v2_seqinfo.csv",
        "taxonomy": "package_r220_MFD_DR_99_v2_taxonomy.csv",
        "tree": "graftmmxhx2ekv.tree",
        "tree_stats": "graftm27ovpch_.tree_log"
    },
    "md5": {
        "phylo_model": "54294b9702ba97ee539ddc4aea2537b7",
        "aln_fasta": "cae91e49feabc71de055429722809876",
        "seq_info": "d4243b4f30ba8b800f6ad44dbfba6adf",
        "taxonomy": "0931b33179c1e78151cbc8d3f03a34ec",
        "tree": "a4d89c7058d0fe28d314be101587f696",
        "tree_stats": "ab2a67453ebf715feffedb8994ee3859"
    },
    "log": [
        "Stripped refpkg (removed 0 files)",
        "Loaded initial files into empty refpkg"
    ],
    "rollback": null,
    "rollforward": null
}
