seqname,tax_id
OX638322.1_1631,Bin18_1
OY282457.1_2660,Bin18_1
F600DRAFT_scaffold00001.1_580_2519103184,Homologous_pmoA
ASEP01000131_2_2541046990,Homologous_pmoA
CP003169_3047803_1_50003,Homologous_pmoA
NZ_JASBVP010000002.1_298,Mycobacterium
CP003054_573342_6_9869,Mycobacterium
NZ_PDHO01000053.1_10,Mycobacterium
NZ_AP027291.1_4216,Mycobacterium
JAPOKC010000004.1_73,Mycobacterium
NZ_JAFMJZ010000235.1_2,Mycobacterium
JASBVN010000004.1_261,Homologous_pmoA
AAA240-J09__Contig_0056__2_2505119050,Homologous_pmoA
JAQBPI010000116.1_6,Homologous_pmoA
NZ_AP025628.1_1553,Homologous_pmoA
CALGFH010000434.1_2,Homologous_pmoA
JAICND010000268.1_3,Homologous_pmoA
NZ_ADVI01000043_53_651324077,Homologous_pmoA
WP_066887011.1_Bay,Homologous_pmoA
contig_5683_9,Homologous_Binatales
JAGWQP010000254.1_2,Homologous_Binatales
JASHPB010000225.1_3,Homologous_Binatales
contig_116_524,Homologous_Binatales
NZ_JAUSKL010000071.1_10,Homologous_Binatales
contig_735_568_4_24_Singleton,Homologous_Binatales
contig_68145_7,Homologous_Binatales
OX638322.1_3882,Bin18_2
OY282457.1_409,Bin18_2
contig_171582_27,Homologous_Binatales
contig_30009_186,Homologous_Binatales
contig_33867_63,Homologous_Binatales
DAHVFB010000007.1_29,Homologous_Binatales
JASHZA010000080.1_3,Homologous_Binatales
contig_44108_272,Homologous_Binatales
contig_1109908_2_5_9_Singleton,Homologous_Binatales
contig_194724_377_2_20_Singleton,Homologous_Binatales
contig_39718_917,JAKAVN01
contig_38584_30,JAKAVN01
contig_38581_131,JAKAVN01
contig_724_47,JAKAVN01
contig_26906_102,JAKAVN01
contig_57816_42,JAKAVN01
NZ_CAJNOB010000056.1_51,Methylacidiphilaceae
NC_010794.1_1374,Methylacidiphilum_2
LM997411.1_1082,Methylacidiphilum_2
FJ462790_1_1_7,Methylacidiphilum_2
NZ_CP065957.1_1864,Methylacidiphilum_2
NZ_CP037899.1_1832,Methylacidiphilum_1
NZ_LXQB01000033.1_3,Methylacidiphilum_1
NZ_CP065957.1_1976,Methylacidiphilum_1
NZ_LXQB01000019.1_4,Methylacidiphilum_1
NC_010794.1_1300,Methylacidiphilum_1
NZ_CP065957.1_1973,Methylacidiphilum_1
FJ462788_1_1_17,Methylacidiphilum_1
EF591086_940_1_28,Methylacidiphilum_1
LM997411.1_925,Methylacidiphilum_1
JAQTUK010000200.1_3,Methylacidimicrobium
NZ_CABFUZ020000258.1_4,Methylacidimicrobium
NZ_LR797830.1_770,Methylacidimicrobium
NZ_LR797830.1_773,Methylacidimicrobium
JAFS01000001.1_1140,Methylacidimicrobium
JAFS01000001.1_1143,Methylacidimicrobium
NZ_CABFUZ020000250.1_1,Methylacidimicrobium
NZ_CP066203.1_755,Methylacidimicrobium
JAQTUK010000037.1_17,Methylacidimicrobium
JAQUAR010000198.1_2,Methylacidimicrobium
NZ_CABFVA020000109.1_2,Methylacidimicrobium
NZ_KB901875.1_427,Methylacidimicrobium
NZ_AYLO01000152.1_6,USCg_Methyloglobulus_pxmA
contig_6529_193,USCg_Methyloglobulus_pxmA
G006DRAFT_scaffold00001.1_652_2522125151,pxmA
SPJS01000279.1_3,pxmA
NZ_CP073754.1_1077,pxmA
SCQD01000169.1_5,pxmA
NZ_AP019784.1_74,Methylomagnum_pxmA
NZ_FXAM01000002.1_117,Methylomagnum_pxmA
NZ_JYNS01000012_120960_3_2133,pxmA
CAIWDB010000500.1_4,Methylumidiphilus_pxmA
CAIZPP010000261.1_11,Methylumidiphilus_pxmA
NZ_CP019948.1_108,Methylocystis_pxmA
FJ210312_3_3_10,Methylocystis_pxmA
contig_28475_216,Methylocystis_pxmA
contig_68372_983_2_33_Singleton,Beijerinckiaceae_pxmA
contig_89492_3802_4_80_Singleton,Beijerinckiaceae_pxmA
contig_234092_1502_5_41_Singleton,Beijerinckiaceae_pxmA
contig_7477_56,Beijerinckiaceae_pxmA
contig_77803_2_5_10_Singleton,Beijerinckiaceae_pxmA
contig_45386_5,Methylocella_pxmA
contig_87810_21,Methylocella_pxmA
contig_30735_35,Methylocella_pxmA
contig_49947_138,Methylocella_pxmA
contig_9119_126,Methylocella_pxmA
PEFW01000011.1_13,Methylocella_pxmA
contig_19567_113,Methylocella_pxmA
contig_9549_75,Methylocella_pxmA
DFWO01000126.1_10,Methylomonadaceae_pxmA
JABFSH010000008.1_7,Methylomonadaceae_pxmA
CAMAVM010000003.1_61,Methylomonadaceae_pxmA
contig_371277_733_4_27_Singleton,Methylomonadaceae_pxmA
CAILJB010000064.1_51,Methylomonadaceae_pxmA
JADKAL010000006.1_99,Methylomonadaceae_pxmA
JABFSH010000039.1_4,Methylomonadaceae_pxmA
NZ_AYLO01000115_2318_2_56,Methylomonadaceae_pxmA
contig_3115562_1_4_11_Singleton,Methylomonadaceae_pxmA
SXIZ01000110.1_5,Methylomonadaceae_pxmA
CAIXDX010000168.1_5,Methylomonadaceae_pxmA
WP_087142540.1_Bay,Methylomonadaceae_pxmA
NZ_JH109152.1_1021,Methylomonadaceae_pxmA
CANNLO010000207.1_6,Methylomonadaceae_pxmA
PMDM01000076.1_3,Methylomonadaceae_pxmA
contig_18132_7725_3_129_Singleton,Methylomonadaceae_pxmA
JAPLRU010000120.1_1,Methylomonadaceae_pxmA
PHSP01000004.1_4,Methylomonadaceae_pxmA
SCST01000430.1_5,Methylomonadaceae_pxmA
SXIP01000231.1_16,Methylomonadaceae_pxmA
contig_5692_5,Methylomonadaceae_pxmA
NZ_JPOJ01000001.1_2763,Methylomonadaceae_pxmA
NZ_KB912877.1_2451,Methylomonadaceae_pxmA
MetluDRAFT_scaffold1.1_997_2517287033,Methylomonadaceae_pxmA
NZ_JALOBS010000040.1_34,Methylomonadaceae_pxmA
WP_064037876.1_Bay,Methylomonadaceae_pxmA
JTDD01000035_9_2599185159,Methylomonadaceae_pxmA
EU722432.2_1537_1_45,Methylomonadaceae_pxmA
NZ_AQOV01000001.1_2756,Methylomonadaceae_pxmA
WP_054761692.1_Bay,Methylomonadaceae_pxmA
BAM38053.1_Bay,Homologous_MO
contig_5835_373,Homologous_MO
NZ_JAMRYX010000208.1_7,Homologous_MO
RXIY01000082.1_9,Homologous_MO
NZ_CANSMR010000001.1_268,Homologous_MO
contig_243558_2436_3_61_Singleton,Homologous_MO
NZ_JAHFRY010000166.1_8,Homologous_MO
7595555_PROKKA_01319_U_1654,Homologous_MO
7595635_PROKKA_00732_U_1654,Homologous_MO
JANXPQ010000231.1_16,Homologous_MO
NZ_JARGEL010000021.1_9,Homologous_MO
JAQWLZ010000005.1_7,Homologous_MO
NZ_JAPRAQ010000047.1_10,Homologous_MO
JALORJ010000074.1_9,Homologous_MO
JAPLQC010000031.1_4,Homologous_MO
CANGHG010000005.1_33,Homologous_MO
CANFOQ010000043.1_7,Homologous_MO
CANGPN010000010.1_24,Homologous_MO
AB453961_1558_1_37,Homologous_MO
AB453963_2151_3_48,Homologous_MO
EU444837_193_1_20,Homologous_MO
Ga0063159_NODE_11_len_46746_cov_1948_89_ID_2079.63_29_2599185293,Homologous_MO
AB453960_1127_2_33,Homologous_MO
AB453962_1268_2_37,Homologous_MO
contig_157328_165,Homologous_MO
CATPCN010000319.1_3,Homologous_MO
FJ210325_3_3_14,Homologous_MO
NZ_JADGRI010000232.1_6,Homologous_MO
JAURMM010000071.1_15,Homologous_MO
contig_5835_345,Homologous_MO
CANFVX010000259.1_5,Homologous_MO
JAURHQ010000189.1_2,Homologous_MO
NZ_CP121634.1_6435,Homologous_MO
WP_157337042.1_Bay,Homologous_MO
K288DRAFT_scaffold00087.87_6_2524023210,Homologous_MO
NZ_CP121666.1_6984,Homologous_MO
contig_425575_92_2_21_Singleton,Nitrospira_clade_B
contig_19751_203,Nitrospira_clade_B
contig_9940_75,Nitrospira_clade_B
SRR3311145_clade_B_contig_2094_6_61,Nitrospira_clade_B
SRR3311162_clade_B_contig_45653_139_1_18,Nitrospira_clade_B
contig_43868_51,Nitrospira_clade_B
wolf_Nitrospira3_01220,Nitrospira_clade_B
contig_12753_45,Nitrospira_clade_B
contig_6674182_581_5_22_Singleton,Nitrospira_clade_B
contig_26211_66,Nitrospira_clade_B
wolf_Nitrospira8_02380_clade_B,Nitrospira_clade_B
wolf_Nitrospira4_03085,Nitrospira_clade_B
wolf_Nitrospira5_00340,Nitrospira_clade_B
JAOUMR010000047.1_2,Nitrospira_clade_A
SRR3311162_clade_A_contig_4227_20861_5_430,Nitrospira_clade_A
U_67894_SRX806390_clade_A_contig_74_269043_6_4932,Nitrospira_clade_A
contig_12204581_246_3_20_Singleton,Nitrospira_clade_A
CP126121.1_840,Nitrospira_clade_A
JARFXO010000001.1_872,Nitrospira_clade_A
Nitrospira_sp_ENR4_01764,Nitrospira_clade_A
U_67895_SRX806390_clade_A_contig_1506_13197_6_275,Nitrospira_clade_A
U_77444_SRX242881_clade_A_contig_428_300_3_25,Nitrospira_clade_A
JAOUPN010000443.1_2,Nitrospira_clade_A
JAOUHD010000102.1_2,Nitrospira_clade_A
Nitrospira_sp_Ga0074138_clade_A,Nitrospira_clade_A
Nitrospira_sp_2_03349,Nitrospira_clade_A
contig_5993_81,Nitrospira_clade_A
NZ_CALKHS010000005.1_2,Nitrosomonadaceae
X90822_1_1_9,Nitrosomonadaceae
JALYWD010000401.1_4,Nitrosomonadaceae
WP_090828443.1_Bay,Nitrosomonadaceae
contig_73691_3,Nitrosomonadaceae
AJ317948_1_1_8,Nitrosomonadaceae
contig_13716_59,Nitrosomonadaceae
AF032438_275_2_18,Nitrosomonadaceae
CALSMH010000001.1_149,Nitrosomonadaceae
contig_3232_1893_6_48_Singleton,Nitrosomonadaceae
Ga0039977_1192_1_2600255026,Nitrosomonadaceae
contig_767_76,Nitrosomonadaceae
contig_10181_158,Nitrosomonadaceae
contig_20409_563,Nitrosomonadaceae
contig_3958_304,Nitrosomonadaceae
JAUSLF010000029.1_7,Nitrosomonadaceae
contig_74_PROKKA_01029_U_109_Singleton,Nitrosomonadaceae
WP_074798855.1_Bay,Nitrosomonadaceae
AF006692_1_1_10,Nitrosomonadaceae
NZ_FMUF01000044.1_2,Nitrosomonadaceae
NZ_JAGFJM010000008.1_2,Nitrosomonas
NC_004757_916_637000195,Nitrosomonas
SZOU01000119.1_4,Nitrosomonas
NC_008344_2007_637000196,Nitrosomonas
SZOU01000160.1_5,Nitrosomonas
G345DRAFT_scf7180000000008_quiver.2_902_2588253501,Nitrosomonas
JAUSMY010000025.1_2,Nitrosomonas
NC_015731_449_650716067,Nitrosomonas
NC_015222_618_650716066,Nitrosomonas
NZ_CADEGP010000060.1_14,Nitrosomonas
WP_096291609.1_Bay,Nitrosomonas
JAOULU010000020.1_10,Nitrosomonas
JALDQW010000001.1_990,Nitrosomonas
WP_090631836.1_Bay,Nitrosomonas
NZ_CP133083.1_737,Nitrosomonas
NZ_JAHBZY010000003.1_95,Nitrosomonas
NZ_NVQC01000003.1_3,Methylomirabilis_pmoA
CABIKM010000041.1_20,Methylomirabilis_pmoA
PQAM01000019.1_2,Methylomirabilis_pmoA
JAHFDH010000148.1_4,Methylomirabilis_pmoA
contig_32_PROKKA_00862_U_43_Singleton,Methylomirabilis_pmoA
JAGWQH010000092.1_9,Methylomirabilis_pmoA
JAGWRQ010000188.1_4,Methylomirabilis_pmoA
FP565575_2106352_4_38528,Methylomirabilis_pmoA
JAQUOY010000009.1_62,Methylomirabilis_pmoA
NSJM01000092.1_1,Methylomirabilis_pmoA
Ga0209061_1000010_25_Binatales_Murphy,Putative_pmoA_Binatales
JASHZA010000227.1_3,Putative_pmoA_Binatales
contig_27164_2889,Putative_pmoA_Binatales
contig_29756_9107_5_196_Singleton,Putative_pmoA_Binatales
Ga0063156_NODE_12_len_21432_cov_9_30912_ID_127.59_14_2599185284,Cycloclasticus
Ga0063158_NODE_6_len_39716_cov_162_443_ID_7.6_28_2599185277,Cycloclasticus
gtdb_NZ_SRIO01000008.1_7_Macondimonas_diazotrophica,Nevskiales_Macondimonas_put_pmoA
JARGOV010000035.1_20,Nevskiales_Macondimonas_put_pmoA
NZ_JAJFBP010000018.1_17,Nevskiales
gtdb_NZ_SOBT01000008.1_1665_Nevskiales,Nevskiales
JAUSQI010000125.1_37,Nevskiales
gtdb_NZ_AQQV01000002.1_5_Nevskiales,Nevskiales
NZ_JAUASX010000012.1_140,Nevskiales
JAQVDP010000021.1_49,Nevskiales
gtdb_NZ_SUKF01000001.1_124_Nevskiales,Nevskiales
JAUXPP010000061.1_11,Burkholderiaceae
NZ_JADMJO010000019.1_7,Burkholderiaceae
ALF41054.1_Bay,TUSC
DMC_bin_26_TUSC_Gwak,TUSC
ACD68291.1_Bay,TUSC
AHH01437.1_Bay,TUSC
AWJ65459.1_Bay,TUSC
AWJ65777.1_Bay,TUSC
CBX88146.1_Bay,TUSC
contig_10766_526,TUSC
contig_158434_166,TUSC
JALZID010000098.1_2,JACCX01
JACCXJ010000108.1_1,JACCX01
contig_132119_5,JACCX01
JALZJW010000041.1_2,USCg_Taylor
MUGK01000060.1_11,USCg_Taylor
contig_6529_132,USCg_Taylor
NZ_OX241534.1_1282,Nitrosococcus
WP_096527389.1_Bay,Nitrosococcus
NC_013960_642_646564556,Nitrosococcus
NZ_DS995300_1931_647533188,Nitrosococcus
AF153344_554_2_23,Nitrosococcus
NC_014315_601_648028046,Nitrosococcus
AVFK01000047_13221_3_224,Rhodomicrobium_pmoA
WSSedB1C_100190962_He,Rhodomicrobium_1
WSSedL2T_0026241_He,Rhodomicrobium_1
PMBZ01000109.1_11,Rhodomicrobium_1
contig_489961_244_4_18_Singleton,Rhodomicrobium_1
contig_14798_159,Rhodomicrobium_1
contig_3677870_1_4_10_Singleton,Rhodomicrobium_1
contig_422177_98_2_12_Singleton,Rhodomicrobium_1
contig_24298_79,Rhodomicrobium_2
contig_916268_849_3_32_Singleton,Rhodomicrobium_2
contig_126358_45,Rhodomicrobium_2
contig_243727_11,Rhodomicrobium_2
contig_19951_48,Rhodomicrobium_2
contig_26573_150,Rhodomicrobium_2
contig_3683_58,Rhodomicrobium_2
contig_79233_120,Rhodomicrobium_2
NZ_JAERVJ010000003.1_338,Methylocystis_pmoA2_1
JAMBEQ010000192.1_22,Methylocystis_pmoA2_1
NZ_AJTV01000045.1_26,Methylocystis_pmoA2_1
NZ_CP046052.1_2315,Methylocystis_pmoA2_2
contig_38142_25,Methylocystis_pmoA2_2
NZ_CP019948.1_2611,Methylocystis_pmoA2_2
contig_55017_936_6_32_Singleton,Methylocystis_pmoA2_2
contig_43940_109,Methylocystis_pmoA2_2
contig_883_211,Methylocystis_pmoA2_2
contig_2812_22259_5_374_Singleton,Methylocystis_pmoA2_2
PLZT01000523.1_2,Methylocystis_pmoA2_2
contig_3362_38,Methylocystis_pmoA2_2
contig_7465_26,Methylocystis_pmoA2_2
PQAN01000207.1_5,Methylosinus_pmoA2
NZ_BGJX01000039.1_9,Methylosinus_pmoA2
NZ_JAINDZ010000017.1_60,Methylosinus_pmoA2
NZ_PUIV01000018.1_56,Methylosinus_pmoA2
K369DRAFT_unitig_20_quiver.5_539_2582581241,Methylosinus_pmoA2
NZ_JADNQW010000005.1_2882,Methylosinus_pmoA2
JACOUB010000048.1_9,Methylosinus_Methylocystis_pmoA2
JACOWC010000148.1_19,Methylocystis_pmoA2_3
VGDT01000020.1_54,Methylocystis_pmoA2_3
VGDY01000242.1_2,Methylocystis_pmoA2_3
NC_018485.1_203,Methylocystis_pmoA2_3
NZ_JAMRYX010000097.1_4,Methylocystis_pmoA2_3
contig_63659_19,Methylocystis_pmoA2_3
NZ_JABVWW010000008.1_117,Methylocystis_pmoA2_3
VGDY01000077.1_10,Methylocystis_pmoA2_3
NZ_KE386496.1_3413,Methylocella
NZ_JQKO01000020.1_2,Methylocella
CP024846.1_1933,Methylocella_USCa
JAFMSB010000011.1_8,Methylocella_USCa
contig_58_2657,Methylocella_USCa
PEFW01000151.1_3,Methylocella_USCa
QHBR01000036.1_2,Methylocella_USCa
contig_29671_181,Methylocella_USCa
contig_27262_212,Methylocella_USCa
contig_38166_218,Methylocella_USCa
4530050.3_contig25620_LAU,Methylocella_USCa
contig_41063_129,Methylocella_USCa
NZ_CP123229.1_1956,Methylocella_USCa
contig_88304_59,Methylocella_USCa
contig_25935_41,Methylocella_USCa
contig_39851_100,Methylocella_USCa
contig_42715_33,Methylocella_USCa
contig_24605_257_5_19_Singleton,Methylocella_USCa
contig_52192_109,Methylocella_USCa
PQAN01000390.1_6,Methylosinus_pmoA1_1
contig_3506_7,Methylosinus_pmoA1_1
NZ_BGJX01000067.1_2,Methylosinus_Methylocystis_pmoA1
JMKQ01000006.1_776,Methylosinus_pmoA1_2
contig_77694_14,Methylosinus_pmoA1_2
NZ_CP023737.1_241,Methylosinus_Methylocystis_pmoA1
contig_6461_34,Methylosinus_Methylocystis_pmoA1
NZ_CP046052.1_1239,Methylocystis_pmoA1_1
PHSQ01000001.1_904,Methylocystis_pmoA1_1
NZ_CP019948.1_2863,Methylocystis_pmoA1_2
contig_16029_67,Methylocystis_pmoA1_2
contig_43487_26,Methylocystis_pmoA1_2
contig_499_178,Methylocystis_pmoA1_2
contig_42875_28,Methylosinus_Methylocystis_pmoA1
contig_23297_1_1_15_Singleton,Methylosinus_Methylocystis_pmoA1
contig_20679_177,Methylosinus_Methylocystis_pmoA1
contig_6958704_59_2_14_Singleton,Methylocystis_pmoA1_3
NZ_JAAFZE010000004.1_243,Methylocystis_pmoA1_3
NZ_JAERVJ010000017.1_1,Methylocystis_pmoA1_3
O5ODRAFT_AJTV01000081_1.81_2_2548876819,Methylocystis_pmoA1_3
JALRFG010000052.1_8,Methylocystis_pmoA1_3
contig_46244_13,Methylocystis_pmoA1_3
NZ_VBTZ01000002.1_362,Methylocystis_pmoA1_3
NZ_QWDD01000001.1_986,Methylocystis_pmoA1_3
contig_38005_83,Methylocystis_pmoA1_3
contig_883_762,Methylosinus_Methylocystis_pmoA1
PLAI01000060.1_15,Methylosinus_Methylocystis_pmoA1
contig_10913_1799_5_43_Singleton,PmoA1_Singleton_clade
contig_27838_238_4_14_Singleton,PmoA1_Singleton_clade
contig_777_193_1_14_Singleton,PmoA1_Singleton_clade
contig_51179_282_6_14_Singleton,PmoA1_Singleton_clade
contig_48420_13_1_8_Singleton,PmoA1_Singleton_clade
contig_64378_1496_5_35_Singleton,PmoA1_Singleton_clade
JANXGZ010000337.1_3,Methylococcales_unknown
EU444855_287_2_18,Methylococcales_unknown
EU444869_269_2_15,Methylococcales_unknown
EU444871_268_1_18,Methylococcales_unknown
JALVSV010000243.1_4,Methylohalobius
LSNW01000012.1_2,Methylohalobius
NZ_ATXB01000001.1_365,Methylohalobius
JAOAHI010000003.1_93,Methylohalobius
AB302948.3_1274_2_36,Methylohalobius
NZ_AP024718.1_551,Methylohalobius
NZ_CP079095.1_1483,Methylococcaceae
SEYW01000009.1_2,Methylococcaceae
NZ_CP070491.1_700,Methylococcaceae
NZ_JYNS01000018.1_63,Methylococcaceae
NZ_CP044205.1_304,Methylococcaceae
QJPH01000100.1_2,Methylococcaceae
contig_97852_71_2_11_Singleton,Methylococcaceae
NZ_AP019782.1_2926,Methylogaea
SCQD01000015.1_6,Methylogaea
CAILMG010000238.1_12,Methylococcaceae
NZ_FXAM01000001.1_2524,Methylococcaceae
MetszDRAFT_MSL.1_1625_2508501066,Methylococcaceae
NZ_AP017928.1_1708,Methylococcaceae
FO082060_519_2540341096,Methylomonadaceae
NZ_KB455575.1_3439,Methylomonadaceae
PGZD01000011.1_13,Methylomonadaceae
contig_70918_51,Methylomonadaceae
PERF01000054.1_7,Methylomonadaceae
DBNW01000025.1_22,Methylovulum_1
DBNZ01000057.1_22,Methylovulum_1
CAJAQT010000160.1_6,Methylovulum_2
CAJAVP010000037.1_7,Methylovulum_2
AB501288_2888_2_56,Methylomonadaceae
NZ_PGFZ01000003.1_300,Methylomonadaceae
NZ_JAUSBX010000095.1_10,Methylomonadaceae
LAJX01000232_470_2_16,Methylomonadaceae
CANNKG010000023.1_17,SXIZ01
JABFRM010000011.1_19,SXIZ01
JAPLRW010000270.1_23,SXIZ01
MetlaDRAFT_chromosome1.1_2409_2517093044,Methylomonadaceae
NZ_JAERVK010000004.1_207,Methylomonadaceae
NZ_KB889965.1_3339,Methylomonadaceae
SXIP01000021.1_16,Methylomonadaceae
CAIVQX010000064.1_6,Methylobacter_clade_2
NZ_CADCXN010000080.1_28,Methylobacter_clade_2
JABFSH010000020.1_69,Methylomonadaceae
EU444873_217_1_16,Methylomonadaceae
MPSY01000086.1_2,Methylomonadaceae
contig_757486_156_6_14_Singleton,Methylomonadaceae
NZ_FUKJ01000458.1_14,Methylomonadaceae
contig_2082517_952_4_33_Singleton,Methylomonadaceae
SHZQ01000018.1_12,Methyloglobulus
JABFQX010000023.1_55,Methyloglobulus
MKO_MKO1_c77.74_40_2528768019,Methyloglobulus
NZ_JALOCF010000006.1_126,Methylomonadaceae
JAUYBL010000037.1_109,Methylomonadaceae
CAJADF010000108.1_16,Methylomonadaceae
JALSJK010000139.1_2,Methylomonadaceae
EU444872_276_3_15,Methylomonadaceae
JAJRWJ010000112.1_8,JANEMG01
JANEMG010000034.1_5,JANEMG01
NZ_JQNS01000005_947357_2_16203,Methylomonadaceae
MetmaDRAFT_scaffold1.1_1154_2517287034,Methylomonadaceae
NZ_JADMKV010000001.1_212,Methylomonadaceae
EU444858_232_1_12,Methylomonadaceae
EU444863_234_3_13,Methylomonadaceae
EU444874_247_1_12,Methylomonadaceae
EU444861_224_2_14,Methylomonadaceae
EU444864_231_3_12,Methylomonadaceae
CAJAWH010000010.1_2,Methylomonadaceae
CAIZMK010000056.1_30,Methylobacter_C
NZ_CP076024.1_1276,Methylobacter_C
JAQTMV010000164.1_4,Methylobacter_clade_1
contig_15128_4,Methylobacter_clade_1
CAILCX010000181.1_1,Methylobacter_A
JAGXGY010000003.1_20,Methylobacter_A
T449DRAFT_scf7180000000004_quiver.1_2847_2574179704,Methylobacter_A
SCPZ01000043.1_10,Methylobacter_A
NZ_SCTW01000044.1_2,Methylobacter_A
contig_208593_192_3_14_Singleton,Methylobacter_A
JAPLRP010000019.1_25,Methylomonadaceae
CAISXF010000005.1_35,Methylomonadaceae
CAINHP010000055.1_27,Methylomonadaceae
CAIQDI010000013.1_103,Methylomonadaceae
AB453965_1332_3_28,Methylomonadaceae
JAJRUF010000018.1_6,Methylomonadaceae
JAKIVF010000007.1_3,Methylomonadaceae
JAGLUC010000409.1_8,Methylomonadaceae
EU444853_233_2_13,Methylomonadaceae
KF484908_389_2_15,Methyloprofundus
JALSIU010000073.1_6,Methyloprofundus
NZ_BDMN01000127.1_6,Methyloprofundus
JACUUF010000034.1_6,Methyloprofundus
JAQRMR010000058.1_17,Methyloprofundus
EU444851_166_1_14,Methylomonadaceae
QPIN01000058.1_48,Methylomonadaceae
EU444862_229_1_15,Methylomonadaceae
WP_066986567.1_Bay,Methylomonadaceae
CAIXED010000021.1_25,Methylomonadaceae
U737DRAFT_scaffold00022.22_64_2561511042,Methylomonadaceae
DAOUSJ010000007.1_16,Methylomonadaceae
CAIQWF010000165.1_25,CAIQWF01
CAKZJE010000031.1_266,CAIQWF01
contig_27092_66,Methylomonas_1
JAQTUW010000039.1_14,Methylomonas_1
contig_605842_111_3_14_Singleton,Methylomonas_1
NZ_JAEHGD010000001.1_819,Methylomarinum
NZ_JAUZWD010000002.1_3376,Methylomarinum
NZ_JPON01000001_2099673_6_37138,Methylomarinum
