tax_id,parent_id,rank,tax_name,root,rank_0,rank_1,rank_2,rank_3
Root,Root,root,Root,Root,,,,
Homologous_pmoA,Root,rank_0,Homologous_pmoA,Root,Homologous_pmoA,,,
Bin18_1,Homologous_pmoA,rank_1,Bin18_1,Root,Homologous_pmoA,Bin18_1,,
Mycobacterium,Homologous_pmoA,rank_1,Mycobacterium,Root,Homologous_pmoA,Mycobacterium,,
Homologous_Binatales,Homologous_pmoA,rank_1,Homologous_Binatales,Root,Homologous_pmoA,Homologous_Binatales,,
Bin18_2,Homologous_Binatales,rank_2,Bin18_2,Root,Homologous_pmoA,Homologous_Binatales,Bin18_2,
JAKAVN01,Homologous_Binatales,rank_2,JAKAVN01,Root,Homologous_pmoA,Homologous_Binatales,JAKAVN01,
Methylacidiphilaceae,Root,rank_0,Methylacidiphilaceae,Root,Methylacidiphilaceae,,,
Methylacidiphilum_2,Methylacidiphilaceae,rank_1,Methylacidiphilum_2,Root,Methylacidiphilaceae,Methylacidiphilum_2,,
Methylacidiphilum_1,Methylacidiphilaceae,rank_1,Methylacidiphilum_1,Root,Methylacidiphilaceae,Methylacidiphilum_1,,
Methylacidimicrobium,Methylacidiphilaceae,rank_1,Methylacidimicrobium,Root,Methylacidiphilaceae,Methylacidimicrobium,,
pxmA,Root,rank_0,pxmA,Root,pxmA,,,
USCg_Methyloglobulus_pxmA,pxmA,rank_1,USCg_Methyloglobulus_pxmA,Root,pxmA,USCg_Methyloglobulus_pxmA,,
Methylomagnum_pxmA,pxmA,rank_1,Methylomagnum_pxmA,Root,pxmA,Methylomagnum_pxmA,,
Methylumidiphilus_pxmA,pxmA,rank_1,Methylumidiphilus_pxmA,Root,pxmA,Methylumidiphilus_pxmA,,
Beijerinckiaceae_pxmA,pxmA,rank_1,Beijerinckiaceae_pxmA,Root,pxmA,Beijerinckiaceae_pxmA,,
Methylocystis_pxmA,Beijerinckiaceae_pxmA,rank_2,Methylocystis_pxmA,Root,pxmA,Beijerinckiaceae_pxmA,Methylocystis_pxmA,
Methylocella_pxmA,Beijerinckiaceae_pxmA,rank_2,Methylocella_pxmA,Root,pxmA,Beijerinckiaceae_pxmA,Methylocella_pxmA,
Methylomonadaceae_pxmA,pxmA,rank_1,Methylomonadaceae_pxmA,Root,pxmA,Methylomonadaceae_pxmA,,
Homologous_MO,Root,rank_0,Homologous_MO,Root,Homologous_MO,,,
amoA,Root,rank_0,amoA,Root,amoA,,,
Nitrospira_clade_B,amoA,rank_1,Nitrospira_clade_B,Root,amoA,Nitrospira_clade_B,,
Nitrospira_clade_A,amoA,rank_1,Nitrospira_clade_A,Root,amoA,Nitrospira_clade_A,,
Nitrosomonadaceae,amoA,rank_1,Nitrosomonadaceae,Root,amoA,Nitrosomonadaceae,,
Nitrosomonas,Nitrosomonadaceae,rank_2,Nitrosomonas,Root,amoA,Nitrosomonadaceae,Nitrosomonas,
Methylomirabilis_pmoA,Root,rank_0,Methylomirabilis_pmoA,Root,Methylomirabilis_pmoA,,,
Putative_pmoA_Binatales,Root,rank_0,Putative_pmoA_Binatales,Root,Putative_pmoA_Binatales,,,
Cycloclasticus,Root,rank_0,Cycloclasticus,Root,Cycloclasticus,,,
Nevskiales_Macondimonas_put_pmoA,Root,rank_0,Nevskiales_Macondimonas_put_pmoA,Root,Nevskiales_Macondimonas_put_pmoA,,,
Nevskiales,Nevskiales_Macondimonas_put_pmoA,rank_1,Nevskiales,Root,Nevskiales_Macondimonas_put_pmoA,Nevskiales,,
Burkholderiaceae,Nevskiales,rank_2,Burkholderiaceae,Root,Nevskiales_Macondimonas_put_pmoA,Nevskiales,Burkholderiaceae,
TUSC,Root,rank_0,TUSC,Root,TUSC,,,
USCg,Root,rank_0,USCg,Root,USCg,,,
JACCX01,USCg,rank_1,JACCX01,Root,USCg,JACCX01,,
USCg_Taylor,USCg,rank_1,USCg_Taylor,Root,USCg,USCg_Taylor,,
Nitrosococcus,Root,rank_0,Nitrosococcus,Root,Nitrosococcus,,,
o_Rhizobiales_pmoA,Root,rank_0,o_Rhizobiales_pmoA,Root,o_Rhizobiales_pmoA,,,
Rhodomicrobium_pmoA,o_Rhizobiales_pmoA,rank_1,Rhodomicrobium_pmoA,Root,o_Rhizobiales_pmoA,Rhodomicrobium_pmoA,,
Rhodomicrobium_1,Rhodomicrobium_pmoA,rank_2,Rhodomicrobium_1,Root,o_Rhizobiales_pmoA,Rhodomicrobium_pmoA,Rhodomicrobium_1,
Rhodomicrobium_2,Rhodomicrobium_pmoA,rank_2,Rhodomicrobium_2,Root,o_Rhizobiales_pmoA,Rhodomicrobium_pmoA,Rhodomicrobium_2,
Methylosinus_Methylocystis_pmoA2,o_Rhizobiales_pmoA,rank_1,Methylosinus_Methylocystis_pmoA2,Root,o_Rhizobiales_pmoA,Methylosinus_Methylocystis_pmoA2,,
Methylocystis_pmoA2_1,Methylosinus_Methylocystis_pmoA2,rank_2,Methylocystis_pmoA2_1,Root,o_Rhizobiales_pmoA,Methylosinus_Methylocystis_pmoA2,Methylocystis_pmoA2_1,
Methylocystis_pmoA2_2,Methylosinus_Methylocystis_pmoA2,rank_2,Methylocystis_pmoA2_2,Root,o_Rhizobiales_pmoA,Methylosinus_Methylocystis_pmoA2,Methylocystis_pmoA2_2,
Methylosinus_pmoA2,Methylosinus_Methylocystis_pmoA2,rank_2,Methylosinus_pmoA2,Root,o_Rhizobiales_pmoA,Methylosinus_Methylocystis_pmoA2,Methylosinus_pmoA2,
Methylocystis_pmoA2_3,Methylosinus_Methylocystis_pmoA2,rank_2,Methylocystis_pmoA2_3,Root,o_Rhizobiales_pmoA,Methylosinus_Methylocystis_pmoA2,Methylocystis_pmoA2_3,
Beijerinckiaceae_pmoA1,o_Rhizobiales_pmoA,rank_1,Beijerinckiaceae_pmoA1,Root,o_Rhizobiales_pmoA,Beijerinckiaceae_pmoA1,,
Methylocella,Beijerinckiaceae_pmoA1,rank_2,Methylocella,Root,o_Rhizobiales_pmoA,Beijerinckiaceae_pmoA1,Methylocella,
Methylocella_USCa,Methylocella,rank_3,Methylocella_USCa,Root,o_Rhizobiales_pmoA,Beijerinckiaceae_pmoA1,Methylocella,Methylocella_USCa
Methylosinus_Methylocystis_pmoA1,Beijerinckiaceae_pmoA1,rank_2,Methylosinus_Methylocystis_pmoA1,Root,o_Rhizobiales_pmoA,Beijerinckiaceae_pmoA1,Methylosinus_Methylocystis_pmoA1,
Methylosinus_pmoA1_1,Methylosinus_Methylocystis_pmoA1,rank_3,Methylosinus_pmoA1_1,Root,o_Rhizobiales_pmoA,Beijerinckiaceae_pmoA1,Methylosinus_Methylocystis_pmoA1,Methylosinus_pmoA1_1
Methylosinus_pmoA1_2,Methylosinus_Methylocystis_pmoA1,rank_3,Methylosinus_pmoA1_2,Root,o_Rhizobiales_pmoA,Beijerinckiaceae_pmoA1,Methylosinus_Methylocystis_pmoA1,Methylosinus_pmoA1_2
Methylocystis_pmoA1_1,Methylosinus_Methylocystis_pmoA1,rank_3,Methylocystis_pmoA1_1,Root,o_Rhizobiales_pmoA,Beijerinckiaceae_pmoA1,Methylosinus_Methylocystis_pmoA1,Methylocystis_pmoA1_1
Methylocystis_pmoA1_2,Methylosinus_Methylocystis_pmoA1,rank_3,Methylocystis_pmoA1_2,Root,o_Rhizobiales_pmoA,Beijerinckiaceae_pmoA1,Methylosinus_Methylocystis_pmoA1,Methylocystis_pmoA1_2
Methylocystis_pmoA1_3,Methylosinus_Methylocystis_pmoA1,rank_3,Methylocystis_pmoA1_3,Root,o_Rhizobiales_pmoA,Beijerinckiaceae_pmoA1,Methylosinus_Methylocystis_pmoA1,Methylocystis_pmoA1_3
PmoA1_Singleton_clade,Methylosinus_Methylocystis_pmoA1,rank_3,PmoA1_Singleton_clade,Root,o_Rhizobiales_pmoA,Beijerinckiaceae_pmoA1,Methylosinus_Methylocystis_pmoA1,PmoA1_Singleton_clade
o_Methylococcales_pmoA,Root,rank_0,o_Methylococcales_pmoA,Root,o_Methylococcales_pmoA,,,
Methylococcales_unknown,o_Methylococcales_pmoA,rank_1,Methylococcales_unknown,Root,o_Methylococcales_pmoA,Methylococcales_unknown,,
Methylohalobius,o_Methylococcales_pmoA,rank_1,Methylohalobius,Root,o_Methylococcales_pmoA,Methylohalobius,,
Methylococcaceae,o_Methylococcales_pmoA,rank_1,Methylococcaceae,Root,o_Methylococcales_pmoA,Methylococcaceae,,
Methylogaea,Methylococcaceae,rank_2,Methylogaea,Root,o_Methylococcales_pmoA,Methylococcaceae,Methylogaea,
Methylomonadaceae,o_Methylococcales_pmoA,rank_1,Methylomonadaceae,Root,o_Methylococcales_pmoA,Methylomonadaceae,,
Methylovulum_1,Methylomonadaceae,rank_2,Methylovulum_1,Root,o_Methylococcales_pmoA,Methylomonadaceae,Methylovulum_1,
Methylovulum_2,Methylomonadaceae,rank_2,Methylovulum_2,Root,o_Methylococcales_pmoA,Methylomonadaceae,Methylovulum_2,
SXIZ01,Methylomonadaceae,rank_2,SXIZ01,Root,o_Methylococcales_pmoA,Methylomonadaceae,SXIZ01,
Methylobacter_clade_2,Methylomonadaceae,rank_2,Methylobacter_clade_2,Root,o_Methylococcales_pmoA,Methylomonadaceae,Methylobacter_clade_2,
Methyloglobulus,Methylomonadaceae,rank_2,Methyloglobulus,Root,o_Methylococcales_pmoA,Methylomonadaceae,Methyloglobulus,
JANEMG01,Methylomonadaceae,rank_2,JANEMG01,Root,o_Methylococcales_pmoA,Methylomonadaceae,JANEMG01,
Methylobacter_C,Methylomonadaceae,rank_2,Methylobacter_C,Root,o_Methylococcales_pmoA,Methylomonadaceae,Methylobacter_C,
Methylobacter_clade_1,Methylomonadaceae,rank_2,Methylobacter_clade_1,Root,o_Methylococcales_pmoA,Methylomonadaceae,Methylobacter_clade_1,
Methylobacter_A,Methylomonadaceae,rank_2,Methylobacter_A,Root,o_Methylococcales_pmoA,Methylomonadaceae,Methylobacter_A,
Methyloprofundus,Methylomonadaceae,rank_2,Methyloprofundus,Root,o_Methylococcales_pmoA,Methylomonadaceae,Methyloprofundus,
CAIQWF01,Methylomonadaceae,rank_2,CAIQWF01,Root,o_Methylococcales_pmoA,Methylomonadaceae,CAIQWF01,
Methylomonas_1,Methylomonadaceae,rank_2,Methylomonas_1,Root,o_Methylococcales_pmoA,Methylomonadaceae,Methylomonas_1,
Methylomarinum,Methylomonadaceae,rank_2,Methylomarinum,Root,o_Methylococcales_pmoA,Methylomonadaceae,Methylomarinum,
